{"hits":[25,23,21,17,23,22,22,18,20,22,21,20,18,19,18,18,17,17,15,15,15,13,19,19,17,16,16,15,19,19,14,17,21,16,19,19,15,17,17,17,15,18,15,21,20,14,14,15,16,18,18,19,20,17,17,13,18,14,15,15,18,16,18,12,16,16,16,13,15,15,16,14,16,16,16,11,12,17,13,15,11,17,14,15,16,14,13,11,10,16,15,14,14,13,11,16,14,14,14,13,15,11,14,12,11,12,14,14,16,13,13,13,14,11,13,13,13,11,14,14,12,13,13,13,10,10,10,14,14,12,12,13,13,10,10,12,10,11,11,13,12,13,10,10,11,12,11,10,9,11,10,10,10,13,9,8,10,10,8,11,9,9,9,12,9,7,8,9,9,9,8,7,8,7,9,8,10,9,9,9,10,8,7,6,6,7,7,8,6,6],"errores":[-7.4007531363902,7.7040214261262,-3.1912040113575,-2.9816548863247,5.7040214261262,-4.7435912926156,1.2564087073844,5.4659578324171,-0.63881673009928,2.2564087073844,2.8087959886425,-4.6388167300993,-7.5340421675829,1.9135705511589,-3.5340421675829,-4.5340421675829,4.0183451136753,-1.9816548863247,1.1231196761916,-7.8768803238084,3.1231196761916,3.227894238708,2.9135705511589,4.9135705511589,1.0183451136753,-1.4292676050666,-2.4292676050666,5.1231196761916,3.9135705511589,5.9135705511589,1.6755069574498,-0.98165488632474,3.8087959886425,0.57073239493345,-0.086429448841097,1.9135705511589,7.1231196761916,-1.9816548863247,3.0183451136753,-1.9816548863247,1.1231196761916,-0.53404216758292,-3.8768803238084,-6.1912040113575,-0.63881673009928,-0.32449304255019,-1.3244930425502,-1.8768803238084,-0.42926760506655,2.4659578324171,-2.5340421675829,2.9135705511589,5.3611832699007,-3.9816548863247,1.0183451136753,1.227894238708,-0.53404216758292,-1.3244930425502,-0.87688032380837,-5.8768803238084,-4.5340421675829,-1.4292676050666,-3.5340421675829,-2.2197184800338,1.5707323949334,1.5707323949334,-3.4292676050666,-0.77210576129201,-5.8768803238084,-2.8768803238084,-1.4292676050666,0.67550695744981,3.5707323949334,2.5707323949334,2.5707323949334,3.3326688012244,1.7802815199662,4.0183451136753,1.227894238708,-1.8768803238084,-4.6673311987756,0.018345113675265,1.6755069574498,0.12311967619163,-2.4292676050666,3.6755069574498,-0.77210576129201,3.3326688012244,2.8850560824825,3.5707323949334,2.1231196761916,1.6755069574498,-1.3244930425502,2.227894238708,-3.6673311987756,-4.4292676050666,-0.32449304255019,1.6755069574498,-1.3244930425502,-4.772105761292,5.1231196761916,-0.66733119877565,-4.3244930425502,-0.21971848003383,6.3326688012244,2.7802815199662,-9.3244930425502,-0.32449304255019,-0.42926760506655,-4.772105761292,-0.77210576129201,2.227894238708,1.6755069574498,-0.66733119877565,-6.772105761292,4.227894238708,-3.772105761292,-2.6673311987756,1.6755069574498,-0.32449304255019,2.7802815199662,0.22789423870799,-3.772105761292,2.227894238708,-3.1149439175175,0.88505608248253,1.8850560824825,-1.3244930425502,2.6755069574498,-0.21971848003383,3.7802815199662,1.227894238708,-5.772105761292,-3.1149439175175,-3.1149439175175,-3.2197184800338,0.88505608248253,-1.6673311987756,3.3326688012244,2.227894238708,4.7802815199662,0.22789423870799,-2.1149439175175,2.8850560824825,-2.6673311987756,0.78028151996617,4.3326688012244,-4.1149439175175,3.4374433637407,0.33266880122435,3.8850560824825,1.8850560824825,2.8850560824825,-4.772105761292,2.4374433637407,1.9898306449989,-0.11494391751747,-1.1149439175175,3.9898306449989,3.3326688012244,-1.5625566362593,1.4374433637407,-0.56255663625929,6.7802815199662,1.4374433637407,3.5422179262571,3.9898306449989,-3.5625566362593,-0.56255663625929,2.4374433637407,-4.0101693550011,3.5422179262571,-2.0101693550011,0.54221792625708,-4.5625566362593,1.9898306449989,-4.1149439175175,3.4374433637407,4.4374433637407,-1.5625566362593,2.8850560824825,0.98983064499889,-0.45778207374292,2.0946052075153,1.0946052075153,1.5422179262571,-1.4577820737429,-2.0101693550011,-0.90539479248474,1.0946052075153],"runs":[20,4,14,12,6,16,10,4,11,9,8,15,17,8,13,14,5,11,7,16,5,4,7,5,8,10,11,3,6,4,6,10,7,8,10,8,1,11,6,11,7,10,12,17,11,8,9,10,9,7,12,7,5,13,8,6,10,9,9,14,14,10,13,9,7,7,12,8,14,11,10,7,5,6,6,3,5,5,6,10,11,9,6,8,11,4,8,3,3,5,6,6,9,5,10,13,8,6,9,12,3,7,12,7,0,4,17,8,9,12,8,5,6,7,14,3,11,9,6,8,4,7,11,5,9,5,4,9,5,7,3,6,13,9,9,10,5,8,3,5,2,7,8,3,9,6,2,10,2,6,2,4,3,12,3,3,6,7,1,3,7,4,6,0,4,1,1,9,6,3,9,1,7,4,10,3,10,2,1,7,3,4,5,2,3,3,6,7,5,3],"predicciones":[12.59924686361,11.704021426126,10.808795988643,9.0183451136753,11.704021426126,11.256408707384,11.256408707384,9.4659578324171,10.361183269901,11.256408707384,10.808795988643,10.361183269901,9.4659578324171,9.9135705511589,9.4659578324171,9.4659578324171,9.0183451136753,9.0183451136753,8.1231196761916,8.1231196761916,8.1231196761916,7.227894238708,9.9135705511589,9.9135705511589,9.0183451136753,8.5707323949334,8.5707323949334,8.1231196761916,9.9135705511589,9.9135705511589,7.6755069574498,9.0183451136753,10.808795988643,8.5707323949334,9.9135705511589,9.9135705511589,8.1231196761916,9.0183451136753,9.0183451136753,9.0183451136753,8.1231196761916,9.4659578324171,8.1231196761916,10.808795988643,10.361183269901,7.6755069574498,7.6755069574498,8.1231196761916,8.5707323949334,9.4659578324171,9.4659578324171,9.9135705511589,10.361183269901,9.0183451136753,9.0183451136753,7.227894238708,9.4659578324171,7.6755069574498,8.1231196761916,8.1231196761916,9.4659578324171,8.5707323949334,9.4659578324171,6.7802815199662,8.5707323949334,8.5707323949334,8.5707323949334,7.227894238708,8.1231196761916,8.1231196761916,8.5707323949334,7.6755069574498,8.5707323949334,8.5707323949334,8.5707323949334,6.3326688012244,6.7802815199662,9.0183451136753,7.227894238708,8.1231196761916,6.3326688012244,9.0183451136753,7.6755069574498,8.1231196761916,8.5707323949334,7.6755069574498,7.227894238708,6.3326688012244,5.8850560824825,8.5707323949334,8.1231196761916,7.6755069574498,7.6755069574498,7.227894238708,6.3326688012244,8.5707323949334,7.6755069574498,7.6755069574498,7.6755069574498,7.227894238708,8.1231196761916,6.3326688012244,7.6755069574498,6.7802815199662,6.3326688012244,6.7802815199662,7.6755069574498,7.6755069574498,8.5707323949334,7.227894238708,7.227894238708,7.227894238708,7.6755069574498,6.3326688012244,7.227894238708,7.227894238708,7.227894238708,6.3326688012244,7.6755069574498,7.6755069574498,6.7802815199662,7.227894238708,7.227894238708,7.227894238708,5.8850560824825,5.8850560824825,5.8850560824825,7.6755069574498,7.6755069574498,6.7802815199662,6.7802815199662,7.227894238708,7.227894238708,5.8850560824825,5.8850560824825,6.7802815199662,5.8850560824825,6.3326688012244,6.3326688012244,7.227894238708,6.7802815199662,7.227894238708,5.8850560824825,5.8850560824825,6.3326688012244,6.7802815199662,6.3326688012244,5.8850560824825,5.4374433637407,6.3326688012244,5.8850560824825,5.8850560824825,5.8850560824825,7.227894238708,5.4374433637407,4.9898306449989,5.8850560824825,5.8850560824825,4.9898306449989,6.3326688012244,5.4374433637407,5.4374433637407,5.4374433637407,6.7802815199662,5.4374433637407,4.5422179262571,4.9898306449989,5.4374433637407,5.4374433637407,5.4374433637407,4.9898306449989,4.5422179262571,4.9898306449989,4.5422179262571,5.4374433637407,4.9898306449989,5.8850560824825,5.4374433637407,5.4374433637407,5.4374433637407,5.8850560824825,4.9898306449989,4.5422179262571,4.0946052075153,4.0946052075153,4.5422179262571,4.5422179262571,4.9898306449989,4.0946052075153,4.0946052075153],"metrics":{"error_media":0.6464689180209,"dataset_size":190,"error_std":2.7897391341252,"error_var":7.7826444364694,"rmse":2.8276775038709,"pearson":0.40182050845331},"ejemplo_prediccion":{"input_hits":20,"output_runs":10.361183269901}}
