{"hits":[24,25,23,17,21,23,21,23,15,20,18,22,22,21,19,22,17,20,19,23,16,16,16,20,19,23,18,18,18,17,20,20,19,17,17,19,16,16,21,15,17,19,14,14,16,20,15,15,17,19,19,18,16,21,19,17,11,18,16,18,18,15,13,13,17,17,17,16,18,15,14,16,17,18,13,13,14,15,16,16,18,15,16,17,16,12,12,17,16,15,14,12,16,16,15,14,14,15,14,17,13,16,16,15,15,14,14,11,17,14,14,13,14,14,16,15,12,15,13,11,13,13,10,14,14,14,13,10,10,10,12,13,14,10,11,11,12,13,12,11,12,13,11,12,11,10,14,10,10,14,11,11,12,9,11,10,10,9,10,8,9,9,10,8,11,9,12,8,9,9,9,9,9,9,10,8,9,9,8,10,9,7,9,6,7,6],"errores":[8.355535106435,-7.1827961367449,-3.1061336503852,-3.876146191306,-8.0294711640255,5.8938663496148,-0.029471164025473,2.8938663496148,1.2005162950537,4.5088600791544,5.5855225655141,1.4321975927947,-4.5678024072053,-4.0294711640255,3.0471913223342,3.4321975927947,-0.87614619130605,2.5088600791544,-5.9528086776658,3.8938663496148,-1.3378149481262,-0.33781494812619,-7.3378149481262,-4.4911399208456,2.0471913223342,-6.1061336503852,-1.4144774344859,-3.4144774344859,-1.4144774344859,1.123853808694,-2.4911399208456,5.5088600791544,5.0471913223342,-1.876146191306,-1.876146191306,0.047191322334239,-2.3378149481262,-1.3378149481262,-1.0294711640255,0.20051629505367,1.123853808694,-1.9528086776658,-1.2611524617665,1.7388475382335,-1.3378149481262,3.5088600791544,5.2005162950537,7.2005162950537,0.12385380869395,4.0471913223342,2.0471913223342,2.5855225655141,-6.3378149481262,4.9705288359745,0.047191322334239,-1.876146191306,-6.6461587322269,0.5855225655141,-2.3378149481262,3.5855225655141,2.5855225655141,-3.7994837049463,-4.7228212185866,1.2771787814134,-1.876146191306,2.123853808694,-2.876146191306,1.6621850518738,-4.4144774344859,1.2005162950537,0.73884753823352,-1.3378149481262,3.123853808694,-4.4144774344859,-0.72282121858662,1.2771787814134,-1.2611524617665,1.2005162950537,-1.3378149481262,-0.33781494812619,3.5855225655141,-5.7994837049463,-2.3378149481262,-2.876146191306,4.6621850518738,3.8155100245932,-1.1844899754068,0.12385380869395,1.6621850518738,-1.7994837049463,0.73884753823352,-6.1844899754068,2.6621850518738,3.6621850518738,-1.7994837049463,-4.2611524617665,1.7388475382335,-3.7994837049463,3.7388475382335,0.12385380869395,3.2771787814134,3.6621850518738,-0.33781494812619,-9.7994837049463,0.20051629505367,-1.2611524617665,4.7388475382335,6.3538412677731,0.12385380869395,-0.26115246176648,1.7388475382335,3.2771787814134,-5.2611524617665,-6.2611524617665,-4.3378149481262,3.2005162950537,-0.18448997540676,0.20051629505367,-0.72282121858662,-0.64615873222691,2.2771787814134,-3.7228212185866,4.8921725109529,-1.2611524617665,1.7388475382335,-0.26115246176648,4.2771787814134,-3.1078274890471,0.89217251095295,1.8921725109529,-0.18448997540676,0.27717878141338,2.7388475382335,-3.1078274890471,-1.6461587322269,3.3538412677731,4.8155100245932,-5.7228212185866,2.8155100245932,-0.64615873222691,-0.18448997540676,1.2771787814134,3.3538412677731,-3.1844899754068,2.3538412677731,-3.1078274890471,6.7388475382335,2.8921725109529,0.89217251095295,-4.2611524617665,-1.6461587322269,2.3538412677731,0.81551002459324,4.4305037541328,-2.6461587322269,-0.10782748904705,0.89217251095295,-1.5694962458672,-4.1078274890471,3.9688349973127,3.4305037541328,1.4305037541328,3.8921725109529,3.9688349973127,3.3538412677731,-0.5694962458672,2.8155100245932,0.96883499731266,-1.5694962458672,-3.5694962458672,-3.5694962458672,-0.5694962458672,2.4305037541328,2.4305037541328,3.8921725109529,-4.0311650026873,4.4305037541328,-4.5694962458672,1.9688349973127,-4.1078274890471,-1.5694962458672,-0.49283375950748,-1.5694962458672,2.0454974836724,-1.4928337595075,1.0454974836724],"runs":[4,20,15,13,19,6,11,9,7,6,4,10,16,15,7,8,10,8,16,8,10,9,16,15,8,18,11,13,11,8,13,5,5,11,11,10,11,10,12,8,8,12,9,6,10,7,3,1,9,6,8,7,15,6,10,11,13,9,11,6,7,12,12,6,11,7,12,7,14,7,7,10,6,14,8,6,9,7,10,9,6,14,11,12,4,3,8,9,7,10,7,13,6,5,10,12,6,12,4,9,4,5,9,18,8,9,3,0,9,8,6,4,13,14,13,5,7,8,8,7,5,11,1,9,6,8,3,9,5,4,7,7,5,9,8,3,2,13,4,7,7,6,3,10,4,9,1,3,5,12,8,4,6,1,9,6,5,7,10,1,2,4,2,1,3,6,4,4,7,9,9,6,3,3,2,9,1,10,3,10,7,5,7,2,6,3],"predicciones":[12.355535106435,12.817203863255,11.893866349615,9.123853808694,10.970528835975,11.893866349615,10.970528835975,11.893866349615,8.2005162950537,10.508860079154,9.5855225655141,11.432197592795,11.432197592795,10.970528835975,10.047191322334,11.432197592795,9.123853808694,10.508860079154,10.047191322334,11.893866349615,8.6621850518738,8.6621850518738,8.6621850518738,10.508860079154,10.047191322334,11.893866349615,9.5855225655141,9.5855225655141,9.5855225655141,9.123853808694,10.508860079154,10.508860079154,10.047191322334,9.123853808694,9.123853808694,10.047191322334,8.6621850518738,8.6621850518738,10.970528835975,8.2005162950537,9.123853808694,10.047191322334,7.7388475382335,7.7388475382335,8.6621850518738,10.508860079154,8.2005162950537,8.2005162950537,9.123853808694,10.047191322334,10.047191322334,9.5855225655141,8.6621850518738,10.970528835975,10.047191322334,9.123853808694,6.3538412677731,9.5855225655141,8.6621850518738,9.5855225655141,9.5855225655141,8.2005162950537,7.2771787814134,7.2771787814134,9.123853808694,9.123853808694,9.123853808694,8.6621850518738,9.5855225655141,8.2005162950537,7.7388475382335,8.6621850518738,9.123853808694,9.5855225655141,7.2771787814134,7.2771787814134,7.7388475382335,8.2005162950537,8.6621850518738,8.6621850518738,9.5855225655141,8.2005162950537,8.6621850518738,9.123853808694,8.6621850518738,6.8155100245932,6.8155100245932,9.123853808694,8.6621850518738,8.2005162950537,7.7388475382335,6.8155100245932,8.6621850518738,8.6621850518738,8.2005162950537,7.7388475382335,7.7388475382335,8.2005162950537,7.7388475382335,9.123853808694,7.2771787814134,8.6621850518738,8.6621850518738,8.2005162950537,8.2005162950537,7.7388475382335,7.7388475382335,6.3538412677731,9.123853808694,7.7388475382335,7.7388475382335,7.2771787814134,7.7388475382335,7.7388475382335,8.6621850518738,8.2005162950537,6.8155100245932,8.2005162950537,7.2771787814134,6.3538412677731,7.2771787814134,7.2771787814134,5.8921725109529,7.7388475382335,7.7388475382335,7.7388475382335,7.2771787814134,5.8921725109529,5.8921725109529,5.8921725109529,6.8155100245932,7.2771787814134,7.7388475382335,5.8921725109529,6.3538412677731,6.3538412677731,6.8155100245932,7.2771787814134,6.8155100245932,6.3538412677731,6.8155100245932,7.2771787814134,6.3538412677731,6.8155100245932,6.3538412677731,5.8921725109529,7.7388475382335,5.8921725109529,5.8921725109529,7.7388475382335,6.3538412677731,6.3538412677731,6.8155100245932,5.4305037541328,6.3538412677731,5.8921725109529,5.8921725109529,5.4305037541328,5.8921725109529,4.9688349973127,5.4305037541328,5.4305037541328,5.8921725109529,4.9688349973127,6.3538412677731,5.4305037541328,6.8155100245932,4.9688349973127,5.4305037541328,5.4305037541328,5.4305037541328,5.4305037541328,5.4305037541328,5.4305037541328,5.8921725109529,4.9688349973127,5.4305037541328,5.4305037541328,4.9688349973127,5.8921725109529,5.4305037541328,4.5071662404925,5.4305037541328,4.0454974836724,4.5071662404925,4.0454974836724],"metrics":{"error_media":0.24835523637022,"dataset_size":186,"error_std":2.8409489845582,"error_var":8.0709911328621,"rmse":2.8142986609097,"pearson":0.40521423890992},"ejemplo_prediccion":{"input_hits":20,"output_runs":10.508860079154}}
